"Sector","Sector_Name","States","Total_Employment","Emp_Coef_Min","Emp_Coef_Max","Emp_Coef_Mean","Type_I_Emp_Mult_Mean","Type_II_Emp_Mult_Mean"
"711AS","Arts, Entertainment, Recreation",50,703822,2.80333138617248,18.8401877907597,8.03950660855253,1.982608,3.348016
"713","Amusement, Gambling, Recreation",50,1773174,10.4534421838917,34.9252879109392,21.1049619507895,1.95524,2.570248
"721","Accommodation",50,1856805,4.9520160923133,19.5853090756817,11.7953556393176,2.059978,3.016548
"722","Food Services & Drinking Places",50,12042959,17.8718533427454,34.4806801879539,26.83359188563,2.11108,2.64615
